<?xml version="1.0"?>

<addon scheme="2.0">
	<id>worldline</id>
	<name>Worldline Payment</name>
	<description>Worldline Payment Gateway</description>
	<version>1.0</version>
	<priority>100500</priority>
	<queries>
        <item for="install">DROP TABLE IF EXISTS `?:order_worldline`;</item>        
        <item for="install">DELETE FROM `?:payment_processors` WHERE `processor_script` = 'worldline.php';</item>
		<item for="install">
            CREATE TABLE `?:order_worldline` (
				`id` int(11) unsigned NOT NULL AUTO_INCREMENT ,
				`order_id` int(11) NOT NULL ,
				`user_id` int(11) NOT NULL ,
				`total` int(11) NOT NULL ,
				`merchant_identifier` int(11) NOT NULL ,
				`tpsl_identifier` int(11) NOT NULL ,
				`mandate_no` text NULL ,
				`response` text NOT NULL ,
				`status` text NOT NULL ,
				`dateAdded` date NOT NULL ,
				PRIMARY KEY (`id`)
			) Engine=MyISAM DEFAULT CHARSET UTF8;
		</item>
		<item for="install">
			REPLACE INTO `?:payment_processors` (`processor`,`processor_script`,`processor_template`,`admin_template`,`callback`,`type`,`addon` ) VALUES ('Worldline', 'worldline.php', 'views/orders/components/payments/cc_outside.tpl', 'worldline.tpl', 'N', 'P', 'Worldline');
		</item>

        <item for="uninstall">DROP TABLE IF EXISTS `?:order_worldline`;</item>
        <item for="uninstall">DELETE FROM `?:payment_processors` WHERE `processor_script` = 'worldline.php';</item>
	</queries>
</addon>